config,config_label,repeat,stage_label,stage,average_ms,median_ms,p95_ms,retained_samples
C0_single114_noise,C0 单雷达,repeat_01,IVox 加点,IVox Add Points,0.0406639,0.032849,0.078411,1082
C0_single114_noise,C0 单雷达,repeat_01,增量建图,Incremental Mapping,0.166232,0.158837,0.220302,1082
C0_single114_noise,C0 单雷达,repeat_01,激光观测匹配,ObsModel (Lidar Match),1.37615,1.27914,1.91115,2000
C0_single114_noise,C0 单雷达,repeat_01,点云预处理,Preprocess (Standard),0.0987138,0.088271,0.147229,1203
C0_single114_noise,C0 单雷达,repeat_01,点云去畸变,Undistort Pcl,0.369757,0.374834,0.431378,1083
C0_single114_noise,C0 单雷达,repeat_02,IVox 加点,IVox Add Points,0.0488512,0.040145,0.10044,1082
C0_single114_noise,C0 单雷达,repeat_02,增量建图,Incremental Mapping,0.177513,0.167805,0.25525,1082
C0_single114_noise,C0 单雷达,repeat_02,激光观测匹配,ObsModel (Lidar Match),1.31723,1.24438,1.84962,2000
C0_single114_noise,C0 单雷达,repeat_02,点云预处理,Preprocess (Standard),0.0995768,0.089383,0.140104,1203
C0_single114_noise,C0 单雷达,repeat_02,点云去畸变,Undistort Pcl,0.371034,0.375617,0.430066,1083
C0_single114_noise,C0 单雷达,repeat_03,IVox 加点,IVox Add Points,0.042967,0.03519,0.082487,1082
C0_single114_noise,C0 单雷达,repeat_03,增量建图,Incremental Mapping,0.172469,0.16665,0.227667,1082
C0_single114_noise,C0 单雷达,repeat_03,激光观测匹配,ObsModel (Lidar Match),1.42007,1.30356,2.0303,2000
C0_single114_noise,C0 单雷达,repeat_03,点云预处理,Preprocess (Standard),0.102552,0.092006,0.146539,1203
C0_single114_noise,C0 单雷达,repeat_03,点云去畸变,Undistort Pcl,0.380195,0.380849,0.441592,1083
C1_four_noise,C1 四雷达主方案,repeat_01,IVox 加点,IVox Add Points,0.126591,0.110929,0.230642,1082
C1_four_noise,C1 四雷达主方案,repeat_01,增量建图,Incremental Mapping,0.470033,0.447988,0.626148,1082
C1_four_noise,C1 四雷达主方案,repeat_01,激光观测匹配,ObsModel (Lidar Match),3.55186,3.42572,4.5986,2000
C1_four_noise,C1 四雷达主方案,repeat_01,点云预处理,Preprocess (Standard),0.250322,0.095239,0.749511,2000
C1_four_noise,C1 四雷达主方案,repeat_01,点云去畸变,Undistort Pcl,1.16915,1.15892,1.29616,1083
C1_four_noise,C1 四雷达主方案,repeat_02,IVox 加点,IVox Add Points,0.121291,0.104925,0.218628,1082
C1_four_noise,C1 四雷达主方案,repeat_02,增量建图,Incremental Mapping,0.456586,0.438456,0.595818,1082
C1_four_noise,C1 四雷达主方案,repeat_02,激光观测匹配,ObsModel (Lidar Match),3.45549,3.29934,4.58619,2000
C1_four_noise,C1 四雷达主方案,repeat_02,点云预处理,Preprocess (Standard),0.239272,0.091081,0.704105,2000
C1_four_noise,C1 四雷达主方案,repeat_02,点云去畸变,Undistort Pcl,1.14514,1.14193,1.22242,1083
C1_four_noise,C1 四雷达主方案,repeat_03,IVox 加点,IVox Add Points,0.118837,0.100951,0.215143,1082
C1_four_noise,C1 四雷达主方案,repeat_03,增量建图,Incremental Mapping,0.462381,0.442189,0.620032,1082
C1_four_noise,C1 四雷达主方案,repeat_03,激光观测匹配,ObsModel (Lidar Match),3.54341,3.36429,4.85455,2000
C1_four_noise,C1 四雷达主方案,repeat_03,点云预处理,Preprocess (Standard),0.241411,0.093642,0.704792,2000
C1_four_noise,C1 四雷达主方案,repeat_03,点云去畸变,Undistort Pcl,1.14559,1.14491,1.22681,1083
C2_four_no_noise,C2 四雷达无噪声模型,repeat_01,IVox 加点,IVox Add Points,0.962208,0.138779,5.71181,1082
C2_four_no_noise,C2 四雷达无噪声模型,repeat_01,增量建图,Incremental Mapping,1.32954,0.492516,6.16184,1082
C2_four_no_noise,C2 四雷达无噪声模型,repeat_01,激光观测匹配,ObsModel (Lidar Match),2.8783,2.74757,4.54762,2000
C2_four_no_noise,C2 四雷达无噪声模型,repeat_01,点云预处理,Preprocess (Standard),0.272792,0.090591,1.02137,2000
C2_four_no_noise,C2 四雷达无噪声模型,repeat_01,点云去畸变,Undistort Pcl,1.12399,1.12182,1.19172,1083
C2_four_no_noise,C2 四雷达无噪声模型,repeat_02,IVox 加点,IVox Add Points,0.92264,0.158229,5.27277,1082
C2_four_no_noise,C2 四雷达无噪声模型,repeat_02,增量建图,Incremental Mapping,1.29425,0.512202,5.74901,1082
C2_four_no_noise,C2 四雷达无噪声模型,repeat_02,激光观测匹配,ObsModel (Lidar Match),2.84809,2.81286,4.1257,2000
C2_four_no_noise,C2 四雷达无噪声模型,repeat_02,点云预处理,Preprocess (Standard),0.270366,0.090904,1.01124,2000
C2_four_no_noise,C2 四雷达无噪声模型,repeat_02,点云去畸变,Undistort Pcl,1.13626,1.13062,1.24042,1083
C2_four_no_noise,C2 四雷达无噪声模型,repeat_03,IVox 加点,IVox Add Points,0.911611,0.141255,5.55985,1082
C2_four_no_noise,C2 四雷达无噪声模型,repeat_03,增量建图,Incremental Mapping,1.27581,0.491905,6.05,1082
C2_four_no_noise,C2 四雷达无噪声模型,repeat_03,激光观测匹配,ObsModel (Lidar Match),2.96109,2.82014,4.58891,2000
C2_four_no_noise,C2 四雷达无噪声模型,repeat_03,点云预处理,Preprocess (Standard),0.26962,0.090636,1.0074,2000
C2_four_no_noise,C2 四雷达无噪声模型,repeat_03,点云去畸变,Undistort Pcl,1.12366,1.12104,1.19252,1083
C3_drop114_lidar,C3 缺前雷达,repeat_01,IVox 加点,IVox Add Points,0.078203,0.067874,0.147269,1082
C3_drop114_lidar,C3 缺前雷达,repeat_01,增量建图,Incremental Mapping,0.345526,0.333718,0.45762,1082
C3_drop114_lidar,C3 缺前雷达,repeat_01,激光观测匹配,ObsModel (Lidar Match),2.78797,2.62765,3.80831,2000
C3_drop114_lidar,C3 缺前雷达,repeat_01,点云预处理,Preprocess (Standard),0.232979,0.099011,0.537484,2000
C3_drop114_lidar,C3 缺前雷达,repeat_01,点云去畸变,Undistort Pcl,0.899505,0.903505,0.972024,1083
C3_drop114_lidar,C3 缺前雷达,repeat_02,IVox 加点,IVox Add Points,0.093437,0.081453,0.178458,1082
C3_drop114_lidar,C3 缺前雷达,repeat_02,增量建图,Incremental Mapping,0.373416,0.356138,0.498985,1082
C3_drop114_lidar,C3 缺前雷达,repeat_02,激光观测匹配,ObsModel (Lidar Match),2.74897,2.61875,3.73065,2000
C3_drop114_lidar,C3 缺前雷达,repeat_02,点云预处理,Preprocess (Standard),0.23907,0.102609,0.555705,2000
C3_drop114_lidar,C3 缺前雷达,repeat_02,点云去畸变,Undistort Pcl,0.926581,0.927043,1.03084,1083
C3_drop114_lidar,C3 缺前雷达,repeat_03,IVox 加点,IVox Add Points,0.0959535,0.081797,0.190291,1082
C3_drop114_lidar,C3 缺前雷达,repeat_03,增量建图,Incremental Mapping,0.375109,0.357727,0.522552,1082
C3_drop114_lidar,C3 缺前雷达,repeat_03,激光观测匹配,ObsModel (Lidar Match),2.75083,2.63428,3.60957,2000
C3_drop114_lidar,C3 缺前雷达,repeat_03,点云预处理,Preprocess (Standard),0.24346,0.107231,0.557256,2000
C3_drop114_lidar,C3 缺前雷达,repeat_03,点云去畸变,Undistort Pcl,0.928496,0.932747,1.02328,1083
C4_drop127,C4 缺右雷达,repeat_01,IVox 加点,IVox Add Points,0.0883591,0.075869,0.152596,1082
C4_drop127,C4 缺右雷达,repeat_01,增量建图,Incremental Mapping,0.37517,0.363989,0.495068,1082
C4_drop127,C4 缺右雷达,repeat_01,激光观测匹配,ObsModel (Lidar Match),2.91591,2.76234,4.04873,2000
C4_drop127,C4 缺右雷达,repeat_01,点云预处理,Preprocess (Standard),0.233018,0.098907,0.533631,2000
C4_drop127,C4 缺右雷达,repeat_01,点云去畸变,Undistort Pcl,0.872533,0.870644,0.939285,1083
C4_drop127,C4 缺右雷达,repeat_02,IVox 加点,IVox Add Points,0.093891,0.080646,0.169685,1082
C4_drop127,C4 缺右雷达,repeat_02,增量建图,Incremental Mapping,0.382699,0.367454,0.502871,1082
C4_drop127,C4 缺右雷达,repeat_02,激光观测匹配,ObsModel (Lidar Match),2.86986,2.75035,3.82772,2000
C4_drop127,C4 缺右雷达,repeat_02,点云预处理,Preprocess (Standard),0.231462,0.098653,0.524654,2000
C4_drop127,C4 缺右雷达,repeat_02,点云去畸变,Undistort Pcl,0.872293,0.870447,0.932991,1083
C4_drop127,C4 缺右雷达,repeat_03,IVox 加点,IVox Add Points,0.09664,0.084111,0.170679,1082
C4_drop127,C4 缺右雷达,repeat_03,增量建图,Incremental Mapping,0.399131,0.387448,0.539487,1082
C4_drop127,C4 缺右雷达,repeat_03,激光观测匹配,ObsModel (Lidar Match),3.12158,2.98662,4.19908,2000
C4_drop127,C4 缺右雷达,repeat_03,点云预处理,Preprocess (Standard),0.24847,0.103833,0.582604,2000
C4_drop127,C4 缺右雷达,repeat_03,点云去畸变,Undistort Pcl,0.915403,0.918514,1.02785,1083
C5_drop187,C5 缺左雷达,repeat_01,IVox 加点,IVox Add Points,0.106983,0.096941,0.198462,1082
C5_drop187,C5 缺左雷达,repeat_01,增量建图,Incremental Mapping,0.402129,0.392608,0.533722,1082
C5_drop187,C5 缺左雷达,repeat_01,激光观测匹配,ObsModel (Lidar Match),3.19149,3.01817,4.38603,2000
C5_drop187,C5 缺左雷达,repeat_01,点云预处理,Preprocess (Standard),0.233529,0.100896,0.530078,2000
C5_drop187,C5 缺左雷达,repeat_01,点云去畸变,Undistort Pcl,0.878283,0.878545,0.947764,1083
C5_drop187,C5 缺左雷达,repeat_02,IVox 加点,IVox Add Points,0.120482,0.105006,0.226316,1082
C5_drop187,C5 缺左雷达,repeat_02,增量建图,Incremental Mapping,0.424708,0.408441,0.584672,1082
C5_drop187,C5 缺左雷达,repeat_02,激光观测匹配,ObsModel (Lidar Match),3.04689,2.93428,3.95921,2000
C5_drop187,C5 缺左雷达,repeat_02,点云预处理,Preprocess (Standard),0.230189,0.096421,0.532986,2000
C5_drop187,C5 缺左雷达,repeat_02,点云去畸变,Undistort Pcl,0.891772,0.887225,0.980869,1083
C5_drop187,C5 缺左雷达,repeat_03,IVox 加点,IVox Add Points,0.100234,0.090021,0.18946,1082
C5_drop187,C5 缺左雷达,repeat_03,增量建图,Incremental Mapping,0.395115,0.383953,0.528914,1082
C5_drop187,C5 缺左雷达,repeat_03,激光观测匹配,ObsModel (Lidar Match),3.21086,3.026,4.44177,2000
C5_drop187,C5 缺左雷达,repeat_03,点云预处理,Preprocess (Standard),0.229832,0.09835,0.527849,2000
C5_drop187,C5 缺左雷达,repeat_03,点云去畸变,Undistort Pcl,0.87478,0.876771,0.942088,1083
C6_drop195,C6 缺后雷达,repeat_01,IVox 加点,IVox Add Points,0.091123,0.077379,0.158576,1082
C6_drop195,C6 缺后雷达,repeat_01,增量建图,Incremental Mapping,0.375623,0.360847,0.48628,1082
C6_drop195,C6 缺后雷达,repeat_01,激光观测匹配,ObsModel (Lidar Match),2.85029,2.74362,3.80877,2000
C6_drop195,C6 缺后雷达,repeat_01,点云预处理,Preprocess (Standard),0.232648,0.098205,0.527881,2000
C6_drop195,C6 缺后雷达,repeat_01,点云去畸变,Undistort Pcl,0.887597,0.889051,0.957949,1083
C6_drop195,C6 缺后雷达,repeat_02,IVox 加点,IVox Add Points,0.0991219,0.085392,0.172518,1082
C6_drop195,C6 缺后雷达,repeat_02,增量建图,Incremental Mapping,0.392482,0.376895,0.511554,1082
C6_drop195,C6 缺后雷达,repeat_02,激光观测匹配,ObsModel (Lidar Match),2.95056,2.84795,3.81824,2000
C6_drop195,C6 缺后雷达,repeat_02,点云预处理,Preprocess (Standard),0.237175,0.099593,0.551193,2000
C6_drop195,C6 缺后雷达,repeat_02,点云去畸变,Undistort Pcl,0.90904,0.901691,1.00522,1083
C6_drop195,C6 缺后雷达,repeat_03,IVox 加点,IVox Add Points,0.088423,0.07238,0.172954,1082
C6_drop195,C6 缺后雷达,repeat_03,增量建图,Incremental Mapping,0.376211,0.359664,0.509454,1082
C6_drop195,C6 缺后雷达,repeat_03,激光观测匹配,ObsModel (Lidar Match),3.00761,2.86573,4.13393,2000
C6_drop195,C6 缺后雷达,repeat_03,点云预处理,Preprocess (Standard),0.232711,0.098739,0.529837,2000
C6_drop195,C6 缺后雷达,repeat_03,点云去畸变,Undistort Pcl,0.887631,0.890877,0.955007,1083
